{"education": {"certificate": "Master", "university": "Johns Hopkins University"}, "marriage": {"children": 1, "married": true, "spouse_name": "Randy"}, "online_info": {"email": "k8zgcm@protonmail.com", "ip_address": "235.125.180.244", "ipv6_address": "65a2:e487:4f68:bde2:d677:87cb:273a:8c21", "password": "ytw8rMpjAr", "password_md5": "beaeed22aca8ca272029b1968d82195f", "user_agent": "AndroidDownloadManager/6.0.1 (Linux; U; Android 6.0.1; SM-N910C Build/MMB29K)", "username": "m3gmbv"}, "personal": {"age": 20, "blood": "A+", "born": null, "born_place": "San Diego", "cellphone": "+3747461676", "city": "Venice", "country": "Armenia", "eye_color": "Blue", "father_name": "Lynde", "gender": "Female", "height": "1.35", "last_name": "Gordon", "name": "Angela", "national_code": "7522534194", "religion": "Christian", "system_id": "4d2ce752-07b8-448a-99f9-705e71166eff", "weight": 72}, "work": {"country_code": "DZ", "insurance": false, "position": "Accountant", "salary": "$3.100"}}