{"education": {"certificate": "Bachelor", "university": "Boston University"}, "marriage": {"children": 0, "married": true, "spouse_name": "Cacilia"}, "online_info": {"email": "5y7fxu@live.com", "ip_address": "144.50.46.81", "ipv6_address": "90d2:da26:6bd0:2e99:4002:094a:d1c7:e5e8", "password": "YxWI2tydST", "password_md5": "676f481a42a0ddb0ffc60a826e1ae55f", "user_agent": "Mozilla/5.0 (Linux; Android 9; ONEPLUS A6003) AppleWebKit/537.36 (KHTML, like Gecko) Chrome/73.0.3683.90 Mobile Safari/537.36 EdgA/42.0.2.3819", "username": "lc20vu"}, "personal": {"age": 53, "blood": "AB+", "born": null, "born_place": "Denver", "cellphone": "+493485458", "city": "Denver", "country": "Germany", "eye_color": "Hazel", "father_name": "Sandi", "gender": "Female", "height": "1.71", "last_name": "Wiggins", "name": "Renata", "national_code": "4506314859", "religion": "Muslim", "system_id": "eb0f602c-fff3-433b-953c-8b07130d22ea", "weight": 67}, "work": {"country_code": "CL", "insurance": true, "position": "Graphist", "salary": "$7.300"}}