{"education": {"certificate": "Bachelor", "university": "Boston University"}, "marriage": {"married": false}, "online_info": {"email": "ew0fu3@protonmail.com", "ip_address": "243.194.162.81", "ipv6_address": "236b:eeac:ae4f:bf59:eeec:b268:a9b4:0c26", "password": "EMhLWRcL84", "password_md5": "2c06a10e0283ff8663498b37feff8bd4", "user_agent": "AndroidDownloadManager/9 (Linux; U; Android 9; SNE-LX1 Build/HUAWEISNE-LX1)", "username": "mgnbzg"}, "personal": {"age": 59, "blood": "AB+", "born": null, "born_place": "Tehran", "cellphone": "+3741885298", "city": "Denver", "country": "Iran", "eye_color": "Hazel", "father_name": "Fredrika", "gender": "Male", "height": "1.82", "last_name": "Craven", "name": "Robinet", "national_code": "4411548607", "religion": "Muslim", "system_id": "6dbe5848-a066-4d3d-84c9-b3eff9184963", "weight": 115}, "work": {"country_code": "DZ", "insurance": true, "position": "Engineer", "salary": "$12.600"}}