{"education": {"certificate": "PhD", "university": "Harvard University"}, "marriage": {"children": 0, "married": true, "spouse_name": "Cheri"}, "online_info": {"email": "c4qb4v@protonmail.com", "ip_address": "67.98.174.195", "ipv6_address": "7d96:5dc6:e100:6f5d:3f5c:1007:c66f:e54a", "password": "ZcRIMgJnek", "password_md5": "dfecec3a4994bbcf503bb928a0e317cd", "user_agent": "Mozilla/5.0 (Linux; Android 6.0; PRO 6) AppleWebKit/537.36 (KHTML, like Gecko) Chrome/76.0.3809.111 Mobile Safari/537.36", "username": "weo4f5"}, "personal": {"age": 65, "blood": "B+", "born": null, "born_place": "Tehran", "cellphone": "+3749979924", "city": "Tehran", "country": "China", "eye_color": "Green", "father_name": "Cindra", "gender": "Male", "height": "1.42", "last_name": "Hanna", "name": "Stace", "national_code": "6127497698", "religion": "Muslim", "system_id": "7782d7e1-bbc0-43b3-8a03-7b3806465642", "weight": 137}, "work": {"country_code": "TD", "insurance": true, "position": "Assistant", "salary": "$10.700"}}