{"education": {"certificate": "Diploma", "university": "Boston University"}, "marriage": {"married": false}, "online_info": {"email": "e0hrgh@protonmail.com", "ip_address": "108.207.214.236", "ipv6_address": "07ad:4313:22ef:d961:5756:5475:aff0:0ec6", "password": "W3lLQO3HME", "password_md5": "202897e8e285c3c219030c2a9033ab64", "user_agent": "Mozilla/5.0 (Macintosh; Intel Mac OS X 10_14_0) AppleWebKit/537.36 (KHTML, like Gecko) Chrome/73.0.3683.75 Safari/537.36", "username": "778c81"}, "personal": {"age": 52, "blood": "O+", "born": null, "born_place": "Denver", "cellphone": "+989121502042", "city": "Ararat", "country": "Canada", "eye_color": "Brown", "father_name": "Carmon", "gender": "Female", "height": "1.89", "last_name": "Hess", "name": "Jo", "national_code": "5757041501", "religion": "Christian", "system_id": "1b4535ef-8518-4f91-9d8c-634e7cfbddd0", "weight": 112}, "work": {"country_code": "IR", "insurance": true, "position": "Barber", "salary": "$4.200"}}