{"education": {"certificate": "Diploma", "university": "Harvard University"}, "marriage": {"children": 1, "married": true, "spouse_name": "Colleen"}, "online_info": {"email": "5v19m4@gmail.com", "ip_address": "3.44.153.186", "ipv6_address": "a810:32c7:4568:665a:4d6f:c656:5062:e47a", "password": "7UClkelH82", "password_md5": "800d9a7ed2edd799ab27ef78f9d857e2", "user_agent": "Mozilla/5.0 (Linux; Android 9; SM-A705MN) AppleWebKit/537.36 (KHTML, like Gecko) Chrome/76.0.3809.111 Mobile Safari/537.36", "username": "5v9xzc"}, "personal": {"age": 27, "blood": "A+", "born": null, "born_place": "Ararat", "cellphone": "+3743932265", "city": "Shanghai", "country": "Belarus", "eye_color": "Green", "father_name": "Hedi", "gender": "Male", "height": "1.97", "last_name": "Quinn", "name": "Catlee", "national_code": "2136703536", "religion": "Christian", "system_id": "5c30a9c9-6274-435c-8a77-efd194c13ed6", "weight": 59}, "work": {"country_code": "AM", "insurance": true, "position": "Accountant", "salary": "$5.400"}}