{"education": {"certificate": "PhD", "university": "University of Tehran"}, "marriage": {"children": 2, "married": true, "spouse_name": "Hilliary"}, "online_info": {"email": "4wgbw9@gmail.com", "ip_address": "42.238.106.209", "ipv6_address": "71fc:77cd:2ee0:f86c:bfce:6281:d327:cfe3", "password": "7nMahAXSzq", "password_md5": "feae897646f545084639b2dccf805b78", "user_agent": "Mozilla/5.0 (Linux; Android 8.1.0; DRA-LX5 Build/HUAWEIDRA-LX5) AppleWebKit/537.36 (KHTML, like Gecko) Chrome/76.0.3809.111 Mobile Safari/537.36 YaApp_Android/8.80 YaSearchBrowser/8.80", "username": "7w0uwf"}, "personal": {"age": 37, "blood": "B+", "born": null, "born_place": "Boston", "cellphone": "+494247281", "city": "Tehran", "country": "France", "eye_color": "Hazel", "father_name": "Wilona", "gender": "Male", "height": "1.39", "last_name": "Creech", "name": "Channa", "national_code": "5229389540", "religion": "Christian", "system_id": "5a097ba0-bb3b-4edc-94e1-7644badd7355", "weight": 130}, "work": {"country_code": "IR", "insurance": false, "position": "Accountant", "salary": "$4.500"}}