{"education": {"certificate": "Master", "university": "Johns Hopkins University"}, "marriage": {"children": 2, "married": true, "spouse_name": "Rosalind"}, "online_info": {"email": "i86d72@yahoo.com", "ip_address": "219.166.13.81", "ipv6_address": "ab24:560c:520c:0f03:38d2:25b4:a220:f1c2", "password": "5P8TqwJ4ra", "password_md5": "688be2de255f6a26f6228bbd0435c9ca", "user_agent": "Mozilla/5.0 (Linux; Android 6.0.1; SM-T800) AppleWebKit/537.36 (KHTML, like Gecko) Chrome/76.0.3809.111 Safari/537.36", "username": "rttzcd"}, "personal": {"age": 19, "blood": "A+", "born": null, "born_place": "Tehran", "cellphone": "+989128831150", "city": "Beijing", "country": "Sweden", "eye_color": "Blue", "father_name": "Deina", "gender": "Male", "height": "1.35", "last_name": "Barker", "name": "Letizia", "national_code": "8925197456", "religion": "Muslim", "system_id": "0bb58cea-3d14-49bc-8764-04515ac2f4ad", "weight": 148}, "work": {"country_code": "IR", "insurance": false, "position": "Doctor", "salary": "$12.800"}}