{"education": {"certificate": "Diploma", "university": "University of Tehran"}, "marriage": {"married": false}, "online_info": {"email": "mjz6y3@protonmail.com", "ip_address": "122.189.12.74", "ipv6_address": "103e:9c53:abf9:d526:54d3:ff78:a8dc:bc7e", "password": "C9ToUBFvov", "password_md5": "13ee930209f440fd0daf0d50de7e945b", "user_agent": "Mozilla/5.0 (Linux; Android 5.1; LG-X210) AppleWebKit/537.36 (KHTML, like Gecko) Chrome/76.0.3809.111 Mobile Safari/537.36", "username": "wqrov2"}, "personal": {"age": 42, "blood": "B-", "born": null, "born_place": "Yerevan", "cellphone": "+494974730", "city": "Shiraz", "country": "Italy", "eye_color": "Brown", "father_name": "Bryn", "gender": "Female", "height": "2.01", "last_name": "Owens", "name": "Merna", "national_code": "7447341061", "religion": "Christian", "system_id": "0c17cf07-14a2-41f3-9766-d677eb10785c", "weight": 149}, "work": {"country_code": "AL", "insurance": false, "position": "Doctor", "salary": "$9.000"}}