{"education": {"certificate": "Bachelor", "university": "Sharif University"}, "marriage": {"married": false}, "online_info": {"email": "b0x7uy@live.com", "ip_address": "66.212.1.212", "ipv6_address": "9862:581a:cb7d:17aa:83ee:c832:accb:8282", "password": "w6mj737tzF", "password_md5": "5195371115cbb576bbb9b3ee74935f79", "user_agent": "Mozilla/5.0 (Linux; Android 9; SM-G960F Build/PPR1.180610.011) AppleWebKit/537.36 (KHTML, like Gecko) Chrome/69.0.3497.128 Mobile Safari/537.36 (Ecosia android@69.0.3497.128)", "username": "cedb88"}, "personal": {"age": 31, "blood": "O+", "born": null, "born_place": "Tehran", "cellphone": "+989123793977", "city": "Beijing", "country": "USA", "eye_color": "Brown", "father_name": "Jillana", "gender": "Female", "height": "1.55", "last_name": "Parker", "name": "Roslyn", "national_code": "2349863271", "religion": "Muslim", "system_id": "2a74c117-9f42-4630-a02b-e6e19b46be01", "weight": 82}, "work": {"country_code": "TD", "insurance": false, "position": "Accountant", "salary": "$2.300"}}